{"id":"12014b2b-39c0-11ea-bccc-acde48001122","name":"Create Order","key":"createOrder","description":"","editorJson":{"name":"Create Order","key":"createOrder","version":0,"fields":[{"fieldType":"FormField","id":"orderNumber","name":"Order Number","type":"text","value":null,"required":true,"readOnly":false,"overrideId":true,"placeholder":null,"layout":null},{"fieldType":"FormField","id":"article","name":"Article","type":"text","value":null,"required":true,"readOnly":false,"overrideId":false,"placeholder":null,"layout":null},{"fieldType":"FormField","id":"price","name":"Price","type":"decimal","value":null,"required":true,"readOnly":false,"overrideId":false,"placeholder":null,"layout":null},{"fieldType":"OptionFormField","id":"deliveryType","name":"Delivery Type","type":"radio-buttons","value":"Option 1","required":true,"readOnly":false,"overrideId":true,"placeholder":null,"layout":null,"optionType":null,"hasEmptyValue":null,"options":[{"id":null,"name":"Option 1"},{"id":null,"name":"express"},{"id":null,"name":"normal"}],"optionsExpression":null}],"outcomes":[]}}