{"id":"29f7372d-39c1-11ea-bccc-acde48001122","name":"Initialize Order Shipment Date","key":"initOrderShipmentDate","description":"","editorJson":{"modelId":"29f7372d-39c1-11ea-bccc-acde48001122","bounds":{"lowerRight":{"x":1200,"y":1050},"upperLeft":{"x":0,"y":0}},"properties":{"process_id":"initOrderShipmentDate","name":"Initialize Order Shipment Date","documentation":"","process_author":"","process_version":"","process_namespace":"http://www.flowable.org/processdef","process_historylevel":"","isexecutable":true,"dataproperties":"","executionlisteners":"","eventlisteners":"","signaldefinitions":"","messagedefinitions":"","escalationdefinitions":"","process_potentialstarteruser":"","process_potentialstartergroup":"","iseagerexecutionfetch":"false"},"childShapes":[{"resourceId":"startEvent1","properties":{"overrideid":"","name":"","documentation":"","executionlisteners":"","initiator":"","formkeydefinition":"","formreference":"","formfieldvalidation":true,"formproperties":""},"stencil":{"id":"StartNoneEvent"},"childShapes":[],"outgoing":[{"resourceId":"sid-368D5440-7848-46C9-9D78-64423798FB24"}],"bounds":{"lowerRight":{"x":130,"y":193},"upperLeft":{"x":100,"y":163}},"dockers":[]},{"resourceId":"sid-DC94FF03-DAD0-4E9E-8DA9-154CBECC59AE","properties":{"overrideid":"","name":"Log order information","documentation":"","asynchronousdefinition":"false","exclusivedefinition":"false","servicetasktriggerable":"false","executionlisteners":"","multiinstance_type":"None","multiinstance_cardinality":"","multiinstance_collection":"","multiinstance_variable":"","multiinstance_condition":"","isforcompensation":"false","servicetaskclass":"","servicetaskexpression":"${logger.info('Calculating shipment date for order: '.concat(orderNumber).concat('. Bought article: ').concat(article).concat(' for price: ').concat(price).concat('. Delivery type: ').concat(deliveryType))}","servicetaskdelegateexpression":"","servicetaskfields":"","servicetaskexceptions":"","servicetaskresultvariable":"","servicetaskuselocalscopeforresultvariable":"false","skipexpression":""},"stencil":{"id":"ServiceTask"},"childShapes":[],"outgoing":[{"resourceId":"sid-3D25BA64-C2ED-4C28-B57C-122B50AF0DBB"}],"bounds":{"lowerRight":{"x":310,"y":218},"upperLeft":{"x":210,"y":138}},"dockers":[]},{"resourceId":"sid-478001D2-AEF8-4745-A26A-EF7585CD28D4","properties":{"overrideid":"","name":"Calucate Shipment Date","documentation":"","asynchronousdefinition":"false","exclusivedefinition":"false","executionlisteners":"","multiinstance_type":"None","multiinstance_cardinality":"","multiinstance_collection":"","multiinstance_variable":"","multiinstance_condition":"","isforcompensation":"false","decisiontaskdecisiontablereference":{"id":"deb4e63e-39c1-11ea-bccc-acde48001122","name":"Shipment Date calculation","key":"shipmentDateCalculation"},"decisiontaskthrowerroronnohits":"false","decisiontaskfallbacktodefaulttenant":"false"},"stencil":{"id":"DecisionTask"},"childShapes":[],"outgoing":[{"resourceId":"sid-54386DDD-DB23-46AB-BB16-1107D2EACBB0"}],"bounds":{"lowerRight":{"x":520,"y":218},"upperLeft":{"x":420,"y":138}},"dockers":[]},{"resourceId":"sid-92658518-8CC7-4FE2-8571-079A6696BF1C","properties":{"overrideid":"","name":"","documentation":"","executionlisteners":""},"stencil":{"id":"EndNoneEvent"},"childShapes":[],"outgoing":[],"bounds":{"lowerRight":{"x":593,"y":192},"upperLeft":{"x":565,"y":164}},"dockers":[]},{"resourceId":"sid-54386DDD-DB23-46AB-BB16-1107D2EACBB0","properties":{"overrideid":"","name":"","documentation":"","conditionsequenceflow":"","executionlisteners":"","defaultflow":"false","skipexpression":""},"stencil":{"id":"SequenceFlow"},"childShapes":[],"outgoing":[{"resourceId":"sid-92658518-8CC7-4FE2-8571-079A6696BF1C"}],"bounds":{"lowerRight":{"x":564.375,"y":178},"upperLeft":{"x":520.390625,"y":178}},"dockers":[{"x":50,"y":40},{"x":14,"y":14}],"target":{"resourceId":"sid-92658518-8CC7-4FE2-8571-079A6696BF1C"}},{"resourceId":"sid-368D5440-7848-46C9-9D78-64423798FB24","properties":{"overrideid":"","name":"","documentation":"","conditionsequenceflow":"","executionlisteners":"","defaultflow":"false","skipexpression":"","showdiamondmarker":false},"stencil":{"id":"SequenceFlow"},"childShapes":[],"outgoing":[{"resourceId":"sid-DC94FF03-DAD0-4E9E-8DA9-154CBECC59AE"}],"bounds":{"lowerRight":{"x":210,"y":178},"upperLeft":{"x":130.25,"y":178}},"dockers":[{"x":15,"y":15},{"x":1,"y":40}],"target":{"resourceId":"sid-DC94FF03-DAD0-4E9E-8DA9-154CBECC59AE"}},{"resourceId":"sid-3D25BA64-C2ED-4C28-B57C-122B50AF0DBB","properties":{"overrideid":"","name":"","documentation":"","conditionsequenceflow":"","executionlisteners":"","defaultflow":"false","skipexpression":"","showdiamondmarker":false},"stencil":{"id":"SequenceFlow"},"childShapes":[],"outgoing":[{"resourceId":"sid-478001D2-AEF8-4745-A26A-EF7585CD28D4"}],"bounds":{"lowerRight":{"x":420,"y":178},"upperLeft":{"x":310.875,"y":178}},"dockers":[{"x":99,"y":40},{"x":1,"y":40}],"target":{"resourceId":"sid-478001D2-AEF8-4745-A26A-EF7585CD28D4"}}],"stencil":{"id":"BPMNDiagram"},"stencilset":{"namespace":"http://b3mn.org/stencilset/bpmn2.0#","url":"../editor/stencilsets/bpmn2.0/bpmn2.0.json"}}}