{"id":"0efaacc8-39be-11ea-bccc-acde48001122","name":"New Order","key":"new_order","description":"","editorJson":{"modelId":"0efaacc8-39be-11ea-bccc-acde48001122","bounds":{"lowerRight":{"x":1200,"y":1069},"upperLeft":{"x":0,"y":0}},"properties":{"case_id":"new_order","name":"New Order","documentation":"","case_initiatorvariablename":"initiator","case_author":"","case_version":"","case_namespace":"http://www.flowable.org/casedef","eventkey":"","eventname":"","eventoutparameters":"","eventcorrelationparameters":"","channelkey":"","channelname":"","channeltype":"","channeldestination":"","keydetectionfixedvalue":"","keydetectionjsonfield":"","keydetectionjsonpointer":"","process_id":"new_order"},"childShapes":[{"resourceId":"casePlanModel","properties":{"overrideid":"","name":"","documentation":"","formkeydefinition":"","formreference":{"id":"12014b2b-39c0-11ea-bccc-acde48001122","name":"Create Order","key":"createOrder"},"formfieldvalidation":true,"autocompleteenabled":"","autocompletecondition":""},"stencil":{"id":"CasePlanModel"},"childShapes":[{"resourceId":"planItem2","properties":{"overrideid":"order_creation_stage","name":"Order creation","documentation":"","autocompleteenabled":"","autocompletecondition":"","requiredenabled":"","requiredrulecondition":"","repetitionenabled":"","repetitionrulecondition":"","repetitioncountervariablename":"","manualactivationenabled":"","manualactivationrulecondition":"","completionneutralenabled":"","completionneutralrulecondition":"","planitemlifecyclelisteners":{"planItemLifecycleListeners":[]},"displayorder":"","includeinstageoverview":true},"stencil":{"id":"Stage"},"childShapes":[{"resourceId":"planItem1","properties":{"overrideid":"initdata1","name":"Initialize data","documentation":"","isblocking":true,"isblockingexpression":"","processtaskprocessreference":{"id":"29f7372d-39c1-11ea-bccc-acde48001122","name":"Initialize Order Shipment Date"},"fallbacktodefaulttenant":false,"processtaskinparameters":{"inParameters":[{"source":"orderNumber","sourceExpression":"","target":"orderNumber","targetExpression":"","$$hashKey":"uiGrid-001B"},{"source":"article","sourceExpression":"","target":"article","targetExpression":"","$$hashKey":"uiGrid-001L"},{"source":"price","sourceExpression":"","target":"price","targetExpression":"","$$hashKey":"uiGrid-001V"},{"source":"deliveryType","sourceExpression":"","target":"deliveryType","targetExpression":"","$$hashKey":"uiGrid-0025"}]},"processtaskoutparameters":{"outParameters":[{"source":"shipmentDate","sourceExpression":"","target":"shipmentDate","targetExpression":"","$$hashKey":"uiGrid-0061"}]},"idvariablename":"","isasync":"","isexclusive":"","requiredenabled":"","requiredrulecondition":"","repetitionenabled":"","repetitionrulecondition":"","repetitioncountervariablename":"","manualactivationenabled":"","manualactivationrulecondition":"","completionneutralenabled":"","completionneutralrulecondition":"","planitemlifecyclelisteners":{"planItemLifecycleListeners":[]}},"stencil":{"id":"ProcessTask"},"childShapes":[],"outgoing":[{"resourceId":"sid-7B9EB075-5979-45FA-AF27-EA03E97F161A"}],"bounds":{"lowerRight":{"x":188,"y":127},"upperLeft":{"x":88,"y":47}},"dockers":[]}],"outgoing":[],"bounds":{"lowerRight":{"x":490,"y":190},"upperLeft":{"x":120,"y":20}},"dockers":[]},{"resourceId":"planItem5","properties":{"overrideid":"order_processing_stage","name":"Order processing","documentation":"","autocompleteenabled":"","autocompletecondition":"","requiredenabled":"","requiredrulecondition":"","repetitionenabled":"","repetitionrulecondition":"","repetitioncountervariablename":"","manualactivationenabled":"","manualactivationrulecondition":"","completionneutralenabled":"","completionneutralrulecondition":"","planitemlifecyclelisteners":{"planItemLifecycleListeners":[]},"displayorder":"","includeinstageoverview":true},"stencil":{"id":"Stage"},"childShapes":[{"resourceId":"planItem3","properties":{"overrideid":"send_delivery_mail_service_task","name":"Send delivery mail","documentation":"","servicetaskclass":"","servicetaskexpression":"${logger.info('Order has been sent on: '.concat(shipmentDate).concat(' and it would be delivered within ').concat(deliveryDays).concat(' days'))}","servicetaskdelegateexpression":"","servicetaskfields":{"fields":[]},"servicetaskresultvariable":"","isasync":"","isexclusive":"","requiredenabled":"","requiredrulecondition":"","repetitionenabled":"","repetitionrulecondition":"","repetitioncountervariablename":"","manualactivationenabled":"","manualactivationrulecondition":"","completionneutralenabled":"","completionneutralrulecondition":"","planitemlifecyclelisteners":{"planItemLifecycleListeners":[]}},"stencil":{"id":"ServiceTask"},"childShapes":[],"outgoing":[{"resourceId":"sid-3C6E56E4-DF6D-4005-A972-039D00E351D8"}],"bounds":{"lowerRight":{"x":316,"y":140},"upperLeft":{"x":216,"y":60}},"dockers":[]},{"resourceId":"sid-3C6E56E4-DF6D-4005-A972-039D00E351D8","properties":{"overrideid":"","name":"","documentation":"","ifpartcondition":"","triggermode":""},"stencil":{"id":"EntryCriterion"},"childShapes":[],"outgoing":[],"bounds":{"lowerRight":{"x":222.8564453125,"y":111},"upperLeft":{"x":208.8564453125,"y":89}},"dockers":[{"x":10.5,"y":40}]},{"resourceId":"sid-CC3A528F-8BE9-40E9-A69F-47AE58C8F451","properties":{"overrideid":"orderShipped","name":"Order Shipped","documentation":"","isblocking":true,"isblockingexpression":"","usertaskassignment":{"assignment":{"type":"idm","initiatorCanCompleteTask":true,"idm":{"type":"initiator"}}},"formkeydefinition":"","formreference":"","formfieldvalidation":true,"duedatedefinition":"${shipmentDate}","prioritydefinition":"","tasklisteners":"","isasync":false,"isexclusive":"","requiredenabled":true,"requiredrulecondition":"","repetitionenabled":"","repetitionrulecondition":"","repetitioncountervariablename":"","manualactivationenabled":"","manualactivationrulecondition":"","completionneutralenabled":"","completionneutralrulecondition":"","planitemlifecyclelisteners":""},"stencil":{"id":"HumanTask"},"childShapes":[],"outgoing":[{"resourceId":"sid-CAA406AE-1181-4ECD-ABD3-9CDA9BD89327"}],"bounds":{"lowerRight":{"x":134,"y":140},"upperLeft":{"x":34,"y":60}},"dockers":[]}],"outgoing":[{"resourceId":"sid-E706A3AE-4BF3-43B1-8E99-3BC1CBE75306"},{"resourceId":"sid-7C28AB89-CB43-4695-8C28-2CDA8E5A0090"}],"bounds":{"lowerRight":{"x":603,"y":446},"upperLeft":{"x":71,"y":215}},"dockers":[]},{"resourceId":"sid-E706A3AE-4BF3-43B1-8E99-3BC1CBE75306","properties":{"overrideid":"sid-E706A3AE-4BF3-43B1-8E99-3BC1CBE75306","name":"","documentation":"","ifpartcondition":"","triggermode":""},"stencil":{"id":"EntryCriterion"},"childShapes":[],"outgoing":[],"bounds":{"lowerRight":{"x":274.9837837837838,"y":226},"upperLeft":{"x":260.9837837837838,"y":204}},"dockers":[{"x":196.98378378378376,"y":0}]},{"resourceId":"planItem8","properties":{"overrideid":"sid-ED15B95E-FFDA-4987-A504-7DC3C9E66BB5","name":"Follow-up ","documentation":"","autocompleteenabled":"","autocompletecondition":"","requiredenabled":"","requiredrulecondition":"","repetitionenabled":"","repetitionrulecondition":"","repetitioncountervariablename":"","manualactivationenabled":"","manualactivationrulecondition":"","completionneutralenabled":"","completionneutralrulecondition":"","planitemlifecyclelisteners":{"planItemLifecycleListeners":[]},"displayorder":"","includeinstageoverview":true},"stencil":{"id":"Stage"},"childShapes":[{"resourceId":"planItem6","properties":{"overrideid":"started_follow_up_service_task","name":"Started follow-up","documentation":"","servicetaskclass":"","servicetaskexpression":"${logger.info('Follow-up started')}","servicetaskdelegateexpression":"","servicetaskfields":{"fields":[]},"servicetaskresultvariable":"","isasync":"","isexclusive":"","requiredenabled":"","requiredrulecondition":"","repetitionenabled":"","repetitionrulecondition":"","repetitioncountervariablename":"","manualactivationenabled":"","manualactivationrulecondition":"","completionneutralenabled":"","completionneutralrulecondition":"","planitemlifecyclelisteners":{"planItemLifecycleListeners":[]}},"stencil":{"id":"ServiceTask"},"childShapes":[],"outgoing":[{"resourceId":"sid-CFB5E59A-6378-48B0-A7A7-EB355854D91E"}],"bounds":{"lowerRight":{"x":244,"y":125},"upperLeft":{"x":144,"y":45}},"dockers":[]},{"resourceId":"sid-CFB5E59A-6378-48B0-A7A7-EB355854D91E","properties":{"overrideid":"sid-CFB5E59A-6378-48B0-A7A7-EB355854D91E","name":"","documentation":"","ifpartcondition":"","triggermode":""},"stencil":{"id":"EntryCriterion"},"childShapes":[],"outgoing":[],"bounds":{"lowerRight":{"x":151,"y":95},"upperLeft":{"x":137,"y":73}},"dockers":[{"x":0,"y":39}]},{"resourceId":"planItem7","properties":{"overrideid":"sid-C5A02A77-7432-41A5-8787-9DC2ABCA12E9","name":"","documentation":"","timerexpression":"PT10S","timerstarttriggersourceref":"","transitionevent":"complete","completionneutralenabled":"","completionneutralrulecondition":"","requiredenabled":"","requiredrulecondition":"","planitemlifecyclelisteners":{"planItemLifecycleListeners":[]},"availablecondition":""},"stencil":{"id":"TimerEventListener"},"childShapes":[],"outgoing":[{"resourceId":"sid-06D32F9C-3710-4B4D-B2CD-9FB4A6E2301C"}],"bounds":{"lowerRight":{"x":85,"y":100.5},"upperLeft":{"x":54,"y":69.5}},"dockers":[]}],"outgoing":[{"resourceId":"sid-C6E5F3D7-1FE6-4563-927A-88B7838BC714"}],"bounds":{"lowerRight":{"x":441,"y":665},"upperLeft":{"x":71,"y":495}},"dockers":[]},{"resourceId":"sid-C6E5F3D7-1FE6-4563-927A-88B7838BC714","properties":{"overrideid":"sid-C6E5F3D7-1FE6-4563-927A-88B7838BC714","name":"","documentation":"","ifpartcondition":"","triggermode":""},"stencil":{"id":"EntryCriterion"},"childShapes":[],"outgoing":[],"bounds":{"lowerRight":{"x":213,"y":506},"upperLeft":{"x":199,"y":484}},"dockers":[{"x":135,"y":0}]}],"outgoing":[],"bounds":{"lowerRight":{"x":748,"y":969},"upperLeft":{"x":30,"y":255}},"dockers":[]},{"resourceId":"sid-7B9EB075-5979-45FA-AF27-EA03E97F161A","properties":{"overrideid":"sid-7B9EB075-5979-45FA-AF27-EA03E97F161A","name":"","documentation":"","transitionevent":"complete"},"stencil":{"id":"Association"},"childShapes":[],"outgoing":[{"resourceId":"sid-E706A3AE-4BF3-43B1-8E99-3BC1CBE75306"}],"bounds":{"lowerRight":{"x":297.9837837837838,"y":459},"upperLeft":{"x":292.1582968814066,"y":402.400994876471}},"dockers":[{"x":50,"y":40},{"x":7,"y":0}],"target":{"resourceId":"sid-E706A3AE-4BF3-43B1-8E99-3BC1CBE75306"}},{"resourceId":"sid-7C28AB89-CB43-4695-8C28-2CDA8E5A0090","properties":{"overrideid":"sid-7C28AB89-CB43-4695-8C28-2CDA8E5A0090","name":"","documentation":"","transitionevent":"complete"},"stencil":{"id":"Association"},"childShapes":[],"outgoing":[{"resourceId":"sid-C6E5F3D7-1FE6-4563-927A-88B7838BC714"}],"bounds":{"lowerRight":{"x":268.1008424979394,"y":739},"upperLeft":{"x":236,"y":701.38565401959}},"dockers":[{"x":266,"y":115.5},{"x":7,"y":0}],"target":{"resourceId":"sid-C6E5F3D7-1FE6-4563-927A-88B7838BC714"}},{"resourceId":"sid-06D32F9C-3710-4B4D-B2CD-9FB4A6E2301C","properties":{"overrideid":"sid-06D32F9C-3710-4B4D-B2CD-9FB4A6E2301C","name":"","documentation":"","transitionevent":"occur"},"stencil":{"id":"Association"},"childShapes":[],"outgoing":[{"resourceId":"sid-CFB5E59A-6378-48B0-A7A7-EB355854D91E"}],"bounds":{"lowerRight":{"x":238,"y":834.7664368106861},"upperLeft":{"x":186.2655152786918,"y":834}},"dockers":[{"x":15.5,"y":15.5},{"x":0,"y":11}],"target":{"resourceId":"sid-CFB5E59A-6378-48B0-A7A7-EB355854D91E"}},{"resourceId":"sid-CAA406AE-1181-4ECD-ABD3-9CDA9BD89327","properties":{"overrideid":"","name":"","documentation":"","transitionevent":"complete"},"stencil":{"id":"Association"},"childShapes":[],"outgoing":[{"resourceId":"sid-3C6E56E4-DF6D-4005-A972-039D00E351D8"}],"bounds":{"lowerRight":{"x":310.30523161938135,"y":569.9802632060552},"upperLeft":{"x":235.65505738208347,"y":569.0900492939448}},"dockers":[{"x":99,"y":40},{"x":8,"y":10}],"target":{"resourceId":"sid-3C6E56E4-DF6D-4005-A972-039D00E351D8"}}],"stencil":{"id":"CMMNDiagram"},"stencilset":{"namespace":"http://b3mn.org/stencilset/cmmn1.1#","url":"../editor/stencilsets/cmmn1.1/cmmn1.1.json"}}}