{"id":"0f1b2d19-39be-11ea-bccc-acde48001122","name":"Order Processing App","key":"order_processing_app","description":"","editorJson":{"models":[{"id":"0ec6a477-39be-11ea-bccc-acde48001122","name":"Test process","version":1,"modelType":0,"description":"","stencilSetId":null,"createdBy":"admin","lastUpdatedBy":"admin","lastUpdated":"2020-01-18T06:45:02.153+0000"}],"cmmnModels":[{"id":"0efaacc8-39be-11ea-bccc-acde48001122","name":"New Order","version":1,"modelType":5,"description":"","stencilSetId":null,"createdBy":"admin","lastUpdatedBy":"admin","lastUpdated":"2020-01-18T06:45:04.547+0000"}],"theme":"theme-4","icon":"glyphicon-usd"}}